Feature,Importance
UPLI,0.51467323
CO,0.22758971
PM2.5,0.056382608
PM10,0.033322006
NO,0.026114618
Xylene,0.025877291
Toluene,0.01767377
NOx,0.017298125
SO2,0.01524216
O3,0.013732771
NO2,0.012790639
TEI,0.011791772
Benzene,0.010516948
ASI,0.009990327
NH3,0.0070039635
